[
  {
    "name": "UPMC Presbyterian",
    "address": "",
    "city": "Pittsburgh",
    "state": "PA",
    "zipcode": "15213",
    "latitude": 40.4427264,
    "longitude": -79.9606467,
    "phone": "",
    "certification_org": "Joint Commission/DNV",
    "certification_type": "Comprehensive Stroke Center"
  },
  {
    "name": "Allegheny General Hospital",
    "address": "",
    "city": "Pittsburgh",
    "state": "PA",
    "zipcode": "15212",
    "latitude": 40.4569719,
    "longitude": -80.0033069,
    "phone": "",
    "certification_org": "Joint Commission/DNV",
    "certification_type": "Comprehensive Stroke Center"
  },
  {
    "name": "Reading Hospital",
    "address": "",
    "city": "Reading",
    "state": "PA",
    "zipcode": "19611",
    "latitude": 40.330642,
    "longitude": -75.9501711,
    "phone": "",
    "certification_org": "Joint Commission/DNV",
    "certification_type": "Comprehensive Stroke Center"
  },
  {
    "name": "Penn State Milton S. Hershey Medical Center",
    "address": "",
    "city": "Hershey",
    "state": "PA",
    "zipcode": "17033",
    "latitude": 40.2637095,
    "longitude": -76.6748222,
    "phone": "",
    "certification_org": "Joint Commission/DNV",
    "certification_type": "Comprehensive Stroke Center"
  },
  {
    "name": "UPMC Hamot",
    "address": "",
    "city": "Erie",
    "state": "PA",
    "zipcode": "16550",
    "latitude": 42.1337769,
    "longitude": -80.0872646,
    "phone": "",
    "certification_org": "Joint Commission/DNV",
    "certification_type": "Comprehensive Stroke Center"
  },
  {
    "name": "St. Luke's Hospital \u2013 Bethlehem",
    "address": "",
    "city": "Bethlehem",
    "state": "PA",
    "zipcode": "18015",
    "latitude": 40.6088844,
    "longitude": -75.3937847,
    "phone": "",
    "certification_org": "Joint Commission/DNV",
    "certification_type": "Comprehensive Stroke Center"
  },
  {
    "name": "Lehigh Valley Hospital - Cedar Crest Campus",
    "address": "",
    "city": "Allentown",
    "state": "PA",
    "zipcode": "18103",
    "latitude": 40.6022552,
    "longitude": -75.4716115,
    "phone": "",
    "certification_org": "Joint Commission/DNV",
    "certification_type": "Comprehensive Stroke Center"
  },
  {
    "name": "Geisinger Wyoming Valley Medical Center",
    "address": "",
    "city": "Wilkes-Barre",
    "state": "PA",
    "zipcode": "18702",
    "latitude": 41.257513,
    "longitude": -75.8075893,
    "phone": "",
    "certification_org": "Joint Commission/DNV",
    "certification_type": "Comprehensive Stroke Center"
  },
  {
    "name": "Abington Memorial Hospital",
    "address": "",
    "city": "Abington",
    "state": "PA",
    "zipcode": "19001",
    "latitude": 40.1196538,
    "longitude": -75.120194,
    "phone": "",
    "certification_org": "Joint Commission/DNV",
    "certification_type": "Comprehensive Stroke Center"
  },
  {
    "name": "Geisinger Medical Center",
    "address": "",
    "city": "Danville",
    "state": "PA",
    "zipcode": "17822",
    "latitude": 40.9680683,
    "longitude": -76.6046458,
    "phone": "",
    "certification_org": "Joint Commission/DNV",
    "certification_type": "Comprehensive Stroke Center"
  },
  {
    "name": "Hospital of the University of Pennsylvania",
    "address": "",
    "city": "Philadelphia",
    "state": "PA",
    "zipcode": "19104",
    "latitude": 39.9499481,
    "longitude": -75.1941014,
    "phone": "",
    "certification_org": "Joint Commission/DNV",
    "certification_type": "Comprehensive Stroke Center"
  },
  {
    "name": "Temple University Hospital",
    "address": "",
    "city": "Philadelphia",
    "state": "PA",
    "zipcode": "19140",
    "latitude": 40.0053079,
    "longitude": -75.1508235,
    "phone": "",
    "certification_org": "Joint Commission/DNV",
    "certification_type": "Comprehensive Stroke Center"
  },
  {
    "name": "Thomas Jefferson University Hospital",
    "address": "",
    "city": "Philadelphia",
    "state": "PA",
    "zipcode": "19107",
    "latitude": 39.9492771,
    "longitude": -75.1580307,
    "phone": "",
    "certification_org": "Joint Commission/DNV",
    "certification_type": "Comprehensive Stroke Center"
  },
  {
    "name": "WellSpan York Hospital",
    "address": "",
    "city": "York",
    "state": "PA",
    "zipcode": "17403",
    "latitude": 39.9467482,
    "longitude": -76.7184378,
    "phone": "",
    "certification_org": "Joint Commission/DNV",
    "certification_type": "Comprehensive Stroke Center"
  },
  {
    "name": "Mayo Clinic Hospital",
    "address": "200 First Street SW",
    "city": "Rochester",
    "state": "MN",
    "zipcode": "55905",
    "latitude": 44.0234387,
    "longitude": -92.4630182,
    "phone": "",
    "certification_org": "Joint Commission/DNV",
    "certification_type": "Comprehensive Stroke Center"
  },
  {
    "name": "Johns Hopkins Hospital",
    "address": "1800 Orleans Street",
    "city": "Baltimore",
    "state": "MD",
    "zipcode": "21287",
    "latitude": 39.2964392,
    "longitude": -76.5923927,
    "phone": "",
    "certification_org": "Joint Commission/DNV",
    "certification_type": "Comprehensive Stroke Center"
  },
  {
    "name": "Massachusetts General Hospital",
    "address": "55 Fruit Street",
    "city": "Boston",
    "state": "MA",
    "zipcode": "02114",
    "latitude": 42.3628605,
    "longitude": -71.068753,
    "phone": "",
    "certification_org": "Joint Commission/DNV",
    "certification_type": "Comprehensive Stroke Center"
  },
  {
    "name": "Cleveland Clinic",
    "address": "9500 Euclid Avenue",
    "city": "Cleveland",
    "state": "OH",
    "zipcode": "44195",
    "latitude": 41.5035861,
    "longitude": -81.6219865,
    "phone": "",
    "certification_org": "Joint Commission/DNV",
    "certification_type": "Comprehensive Stroke Center"
  },
  {
    "name": "UCLA Medical Center",
    "address": "757 Westwood Plaza",
    "city": "Los Angeles",
    "state": "CA",
    "zipcode": "90095",
    "latitude": 34.0664551,
    "longitude": -118.4465189,
    "phone": "",
    "certification_org": "Joint Commission/DNV",
    "certification_type": "Comprehensive Stroke Center"
  },
  {
    "name": "New York-Presbyterian Hospital",
    "address": "525 East 68th Street",
    "city": "New York",
    "state": "NY",
    "zipcode": "10065",
    "latitude": 40.7647907,
    "longitude": -73.9550743,
    "phone": "",
    "certification_org": "Joint Commission/DNV",
    "certification_type": "Comprehensive Stroke Center"
  },
  {
    "name": "Northwestern Memorial Hospital",
    "address": "251 East Huron Street",
    "city": "Chicago",
    "state": "IL",
    "zipcode": "60611",
    "latitude": 41.894585,
    "longitude": -87.6215462,
    "phone": "",
    "certification_org": "Joint Commission/DNV",
    "certification_type": "Comprehensive Stroke Center"
  },
  {
    "name": "Houston Methodist Hospital",
    "address": "6565 Fannin Street",
    "city": "Houston",
    "state": "TX",
    "zipcode": "77030",
    "latitude": 29.7108167,
    "longitude": -95.399264,
    "phone": "",
    "certification_org": "Joint Commission/DNV",
    "certification_type": "Comprehensive Stroke Center"
  },
  {
    "name": "UCSF Medical Center",
    "address": "505 Parnassus Avenue",
    "city": "San Francisco",
    "state": "CA",
    "zipcode": "94143",
    "latitude": 37.76307,
    "longitude": -122.4574027,
    "phone": "",
    "certification_org": "Joint Commission/DNV",
    "certification_type": "Comprehensive Stroke Center"
  },
  {
    "name": "Stanford Health Care",
    "address": "300 Pasteur Drive",
    "city": "Stanford",
    "state": "CA",
    "zipcode": "94305",
    "latitude": 37.4344064,
    "longitude": -122.1748921,
    "phone": "",
    "certification_org": "Joint Commission/DNV",
    "certification_type": "Comprehensive Stroke Center"
  },
  {
    "name": "Cedars-Sinai Medical Center",
    "address": "",
    "city": "Los Angeles",
    "state": "CA",
    "zipcode": "90048",
    "latitude": 34.0751604,
    "longitude": -118.3810936,
    "phone": "",
    "certification_org": "Joint Commission/DNV",
    "certification_type": "Comprehensive Stroke Center"
  },
  {
    "name": "Duke University Hospital",
    "address": "",
    "city": "Durham",
    "state": "NC",
    "zipcode": "27710",
    "latitude": 36.0070213,
    "longitude": -78.9373479,
    "phone": "",
    "certification_org": "Joint Commission/DNV",
    "certification_type": "Comprehensive Stroke Center"
  },
  {
    "name": "Barnes-Jewish Hospital",
    "address": "",
    "city": "St. Louis",
    "state": "MO",
    "zipcode": "63110",
    "latitude": 38.6371648,
    "longitude": -90.2643699,
    "phone": "",
    "certification_org": "Joint Commission/DNV",
    "certification_type": "Comprehensive Stroke Center"
  },
  {
    "name": "University of Michigan Health",
    "address": "",
    "city": "Ann Arbor",
    "state": "MI",
    "zipcode": "48109",
    "latitude": 42.2813722,
    "longitude": -83.7484616,
    "phone": "",
    "certification_org": "Joint Commission/DNV",
    "certification_type": "Comprehensive Stroke Center"
  },
  {
    "name": "University of Washington Medical Center",
    "address": "",
    "city": "Seattle",
    "state": "WA",
    "zipcode": "98195",
    "latitude": 47.6038321,
    "longitude": -122.330062,
    "phone": "",
    "certification_org": "Joint Commission/DNV",
    "certification_type": "Comprehensive Stroke Center"
  },
  {
    "name": "Emory University Hospital",
    "address": "",
    "city": "Atlanta",
    "state": "GA",
    "zipcode": "30322",
    "latitude": 33.792151,
    "longitude": -84.3220829,
    "phone": "",
    "certification_org": "Joint Commission/DNV",
    "certification_type": "Comprehensive Stroke Center"
  },
  {
    "name": "OHSU Hospital",
    "address": "",
    "city": "Portland",
    "state": "OR",
    "zipcode": "97239",
    "latitude": 45.499038,
    "longitude": -122.6856953,
    "phone": "",
    "certification_org": "Joint Commission/DNV",
    "certification_type": "Comprehensive Stroke Center"
  },
  {
    "name": "University of Colorado Hospital",
    "address": "",
    "city": "Aurora",
    "state": "CO",
    "zipcode": "80045",
    "latitude": 39.7425435,
    "longitude": -104.841661,
    "phone": "",
    "certification_org": "Joint Commission/DNV",
    "certification_type": "Comprehensive Stroke Center"
  },
  {
    "name": "University of Iowa Hospitals & Clinics",
    "address": "",
    "city": "Iowa City",
    "state": "IA",
    "zipcode": "52242",
    "latitude": 41.6594014,
    "longitude": -91.5483987,
    "phone": "",
    "certification_org": "Joint Commission/DNV",
    "certification_type": "Comprehensive Stroke Center"
  },
  {
    "name": "University of Wisconsin Hospital",
    "address": "",
    "city": "Madison",
    "state": "WI",
    "zipcode": "53792",
    "latitude": 43.07469,
    "longitude": -89.3841663,
    "phone": "",
    "certification_org": "Joint Commission/DNV",
    "certification_type": "Comprehensive Stroke Center"
  },
  {
    "name": "Tampa General Hospital",
    "address": "",
    "city": "Tampa",
    "state": "FL",
    "zipcode": "33606",
    "latitude": 27.9375006,
    "longitude": -82.4589003,
    "phone": "",
    "certification_org": "Joint Commission/DNV",
    "certification_type": "Comprehensive Stroke Center"
  },
  {
    "name": "Baptist Health Jacksonville",
    "address": "",
    "city": "Jacksonville",
    "state": "FL",
    "zipcode": "32207",
    "latitude": 30.3127811,
    "longitude": -81.6589477,
    "phone": "",
    "certification_org": "Joint Commission/DNV",
    "certification_type": "Comprehensive Stroke Center"
  },
  {
    "name": "UF Health Shands Hospital",
    "address": "",
    "city": "Gainesville",
    "state": "FL",
    "zipcode": "32608",
    "latitude": 29.6401703,
    "longitude": -82.3445669,
    "phone": "",
    "certification_org": "Joint Commission/DNV",
    "certification_type": "Comprehensive Stroke Center"
  },
  {
    "name": "Jackson Memorial Hospital",
    "address": "",
    "city": "Miami",
    "state": "FL",
    "zipcode": "33136",
    "latitude": 25.7916705,
    "longitude": -80.2126015,
    "phone": "",
    "certification_org": "Joint Commission/DNV",
    "certification_type": "Comprehensive Stroke Center"
  },
  {
    "name": "UT Southwestern Medical Center",
    "address": "",
    "city": "Dallas",
    "state": "TX",
    "zipcode": "75390",
    "latitude": 32.7762719,
    "longitude": -96.7968559,
    "phone": "",
    "certification_org": "Joint Commission/DNV",
    "certification_type": "Comprehensive Stroke Center"
  },
  {
    "name": "Memorial Hermann Texas Medical Center",
    "address": "",
    "city": "Houston",
    "state": "TX",
    "zipcode": "77030",
    "latitude": 29.7133159,
    "longitude": -95.3954173,
    "phone": "",
    "certification_org": "Joint Commission/DNV",
    "certification_type": "Comprehensive Stroke Center"
  },
  {
    "name": "University Hospital San Antonio",
    "address": "",
    "city": "San Antonio",
    "state": "TX",
    "zipcode": "78229",
    "latitude": 29.5078264,
    "longitude": -98.5780943,
    "phone": "",
    "certification_org": "Joint Commission/DNV",
    "certification_type": "Comprehensive Stroke Center"
  },
  {
    "name": "NYU Langone Hospital",
    "address": "",
    "city": "New York",
    "state": "NY",
    "zipcode": "10016",
    "latitude": 40.7423027,
    "longitude": -73.9735654,
    "phone": "",
    "certification_org": "Joint Commission/DNV",
    "certification_type": "Comprehensive Stroke Center"
  },
  {
    "name": "Mount Sinai Hospital",
    "address": "",
    "city": "New York",
    "state": "NY",
    "zipcode": "10029",
    "latitude": 40.768828,
    "longitude": -73.9927766,
    "phone": "",
    "certification_org": "Joint Commission/DNV",
    "certification_type": "Comprehensive Stroke Center"
  },
  {
    "name": "Montefiore Medical Center",
    "address": "",
    "city": "Bronx",
    "state": "NY",
    "zipcode": "10467",
    "latitude": 40.8800853,
    "longitude": -73.8798439,
    "phone": "",
    "certification_org": "Joint Commission/DNV",
    "certification_type": "Comprehensive Stroke Center"
  },
  {
    "name": "Strong Memorial Hospital",
    "address": "",
    "city": "Rochester",
    "state": "NY",
    "zipcode": "14642",
    "latitude": 43.12293,
    "longitude": -77.6253832,
    "phone": "",
    "certification_org": "Joint Commission/DNV",
    "certification_type": "Comprehensive Stroke Center"
  },
  {
    "name": "Albany Medical Center",
    "address": "",
    "city": "Albany",
    "state": "NY",
    "zipcode": "12208",
    "latitude": 42.6532132,
    "longitude": -73.7766789,
    "phone": "",
    "certification_org": "Joint Commission/DNV",
    "certification_type": "Comprehensive Stroke Center"
  },
  {
    "name": "UC San Diego Health",
    "address": "",
    "city": "San Diego",
    "state": "CA",
    "zipcode": "92103",
    "latitude": 32.9627081,
    "longitude": -117.1893193,
    "phone": "",
    "certification_org": "Joint Commission/DNV",
    "certification_type": "Comprehensive Stroke Center"
  },
  {
    "name": "Keck Hospital of USC",
    "address": "",
    "city": "Los Angeles",
    "state": "CA",
    "zipcode": "90033",
    "latitude": 34.0627257,
    "longitude": -118.2018882,
    "phone": "",
    "certification_org": "Joint Commission/DNV",
    "certification_type": "Comprehensive Stroke Center"
  },
  {
    "name": "UC Davis Medical Center",
    "address": "",
    "city": "Sacramento",
    "state": "CA",
    "zipcode": "95817",
    "latitude": 38.5549509,
    "longitude": -121.4553922,
    "phone": "",
    "certification_org": "Joint Commission/DNV",
    "certification_type": "Comprehensive Stroke Center"
  },
  {
    "name": "UC Irvine Medical Center",
    "address": "",
    "city": "Orange",
    "state": "CA",
    "zipcode": "92868",
    "latitude": 33.750631,
    "longitude": -117.8722311,
    "phone": "",
    "certification_org": "Joint Commission/DNV",
    "certification_type": "Comprehensive Stroke Center"
  },
  {
    "name": "Rush University Medical Center",
    "address": "",
    "city": "Chicago",
    "state": "IL",
    "zipcode": "60612",
    "latitude": 41.8735261,
    "longitude": -87.6691012,
    "phone": "",
    "certification_org": "Joint Commission/DNV",
    "certification_type": "Comprehensive Stroke Center"
  },
  {
    "name": "University of Chicago Medical Center",
    "address": "",
    "city": "Chicago",
    "state": "IL",
    "zipcode": "60637",
    "latitude": 41.8755616,
    "longitude": -87.6244212,
    "phone": "",
    "certification_org": "Joint Commission/DNV",
    "certification_type": "Comprehensive Stroke Center"
  },
  {
    "name": "Brigham and Women's Hospital",
    "address": "",
    "city": "Boston",
    "state": "MA",
    "zipcode": "02115",
    "latitude": 42.3356457,
    "longitude": -71.1060376,
    "phone": "",
    "certification_org": "Joint Commission/DNV",
    "certification_type": "Comprehensive Stroke Center"
  },
  {
    "name": "Beth Israel Deaconess Medical Center",
    "address": "",
    "city": "Boston",
    "state": "MA",
    "zipcode": "02215",
    "latitude": 42.3588336,
    "longitude": -71.0578303,
    "phone": "",
    "certification_org": "Joint Commission/DNV",
    "certification_type": "Comprehensive Stroke Center"
  },
  {
    "name": "UMass Memorial Medical Center",
    "address": "",
    "city": "Worcester",
    "state": "MA",
    "zipcode": "01655",
    "latitude": 42.2625621,
    "longitude": -71.8018877,
    "phone": "",
    "certification_org": "Joint Commission/DNV",
    "certification_type": "Comprehensive Stroke Center"
  },
  {
    "name": "Ohio State University Wexner Medical Center",
    "address": "",
    "city": "Columbus",
    "state": "OH",
    "zipcode": "43210",
    "latitude": 39.9622601,
    "longitude": -83.0007065,
    "phone": "",
    "certification_org": "Joint Commission/DNV",
    "certification_type": "Comprehensive Stroke Center"
  },
  {
    "name": "University Hospitals Cleveland Medical Center",
    "address": "",
    "city": "Cleveland",
    "state": "OH",
    "zipcode": "44106",
    "latitude": 41.5057921,
    "longitude": -81.606233,
    "phone": "",
    "certification_org": "Joint Commission/DNV",
    "certification_type": "Comprehensive Stroke Center"
  },
  {
    "name": "University of Minnesota Medical Center",
    "address": "",
    "city": "Minneapolis",
    "state": "MN",
    "zipcode": "55455",
    "latitude": 44.9772995,
    "longitude": -93.2654692,
    "phone": "",
    "certification_org": "Joint Commission/DNV",
    "certification_type": "Comprehensive Stroke Center"
  },
  {
    "name": "Vanderbilt University Medical Center",
    "address": "",
    "city": "Nashville",
    "state": "TN",
    "zipcode": "37232",
    "latitude": 36.1409238,
    "longitude": -86.8016342,
    "phone": "",
    "certification_org": "Joint Commission/DNV",
    "certification_type": "Comprehensive Stroke Center"
  },
  {
    "name": "University of Alabama Hospital",
    "address": "",
    "city": "Birmingham",
    "state": "AL",
    "zipcode": "35233",
    "latitude": 33.5206824,
    "longitude": -86.8024326,
    "phone": "",
    "certification_org": "Joint Commission/DNV",
    "certification_type": "Comprehensive Stroke Center"
  },
  {
    "name": "University of Kentucky Hospital",
    "address": "",
    "city": "Lexington",
    "state": "KY",
    "zipcode": "40536",
    "latitude": 38.0286002,
    "longitude": -84.5082097,
    "phone": "",
    "certification_org": "Joint Commission/DNV",
    "certification_type": "Comprehensive Stroke Center"
  },
  {
    "name": "University of Virginia Medical Center",
    "address": "",
    "city": "Charlottesville",
    "state": "VA",
    "zipcode": "22903",
    "latitude": 38.0324342,
    "longitude": -78.4990607,
    "phone": "",
    "certification_org": "Joint Commission/DNV",
    "certification_type": "Comprehensive Stroke Center"
  },
  {
    "name": "WVU Medicine Ruby Memorial Hospital",
    "address": "",
    "city": "Morgantown",
    "state": "WV",
    "zipcode": "26506",
    "latitude": 39.6296809,
    "longitude": -79.9559437,
    "phone": "",
    "certification_org": "Joint Commission/DNV",
    "certification_type": "Comprehensive Stroke Center"
  },
  {
    "name": "University of Nebraska Medical Center",
    "address": "",
    "city": "Omaha",
    "state": "NE",
    "zipcode": "68198",
    "latitude": 41.2550772,
    "longitude": -95.9769529,
    "phone": "",
    "certification_org": "Joint Commission/DNV",
    "certification_type": "Comprehensive Stroke Center"
  },
  {
    "name": "University of Kansas Hospital",
    "address": "",
    "city": "Kansas City",
    "state": "KS",
    "zipcode": "66160",
    "latitude": 39.0571097,
    "longitude": -94.6095438,
    "phone": "",
    "certification_org": "Joint Commission/DNV",
    "certification_type": "Comprehensive Stroke Center"
  },
  {
    "name": "University of Oklahoma Medical Center",
    "address": "",
    "city": "Oklahoma City",
    "state": "OK",
    "zipcode": "73104",
    "latitude": 35.4729886,
    "longitude": -97.5170536,
    "phone": "",
    "certification_org": "Joint Commission/DNV",
    "certification_type": "Comprehensive Stroke Center"
  },
  {
    "name": "University of New Mexico Hospital",
    "address": "",
    "city": "Albuquerque",
    "state": "NM",
    "zipcode": "87106",
    "latitude": 35.0884989,
    "longitude": -106.6179208,
    "phone": "",
    "certification_org": "Joint Commission/DNV",
    "certification_type": "Comprehensive Stroke Center"
  },
  {
    "name": "University of Arizona Medical Center",
    "address": "",
    "city": "Tucson",
    "state": "AZ",
    "zipcode": "85724",
    "latitude": 32.2228765,
    "longitude": -110.974847,
    "phone": "",
    "certification_org": "Joint Commission/DNV",
    "certification_type": "Comprehensive Stroke Center"
  },
  {
    "name": "Banner University Medical Center Phoenix",
    "address": "",
    "city": "Phoenix",
    "state": "AZ",
    "zipcode": "85006",
    "latitude": 33.4647093,
    "longitude": -112.05858,
    "phone": "",
    "certification_org": "Joint Commission/DNV",
    "certification_type": "Comprehensive Stroke Center"
  },
  {
    "name": "Intermountain Medical Center",
    "address": "",
    "city": "Murray",
    "state": "UT",
    "zipcode": "84107",
    "latitude": 40.6595568,
    "longitude": -111.8911598,
    "phone": "",
    "certification_org": "Joint Commission/DNV",
    "certification_type": "Comprehensive Stroke Center"
  },
  {
    "name": "University of Utah Hospital",
    "address": "",
    "city": "Salt Lake City",
    "state": "UT",
    "zipcode": "84132",
    "latitude": 40.7715715,
    "longitude": -111.8365802,
    "phone": "",
    "certification_org": "Joint Commission/DNV",
    "certification_type": "Comprehensive Stroke Center"
  },
  {
    "name": "Harborview Medical Center",
    "address": "",
    "city": "Seattle",
    "state": "WA",
    "zipcode": "98104",
    "latitude": 47.6043048,
    "longitude": -122.3240717,
    "phone": "",
    "certification_org": "Joint Commission/DNV",
    "certification_type": "Comprehensive Stroke Center"
  }
]