[
  {
    "name": "Brookdale Hospital Medical Center",
    "city": "Brooklyn",
    "state": "NY",
    "zipcode": "11212",
    "latitude": 40.657,
    "longitude": -73.9113,
    "certification_org": "NYS Designated",
    "certification_type": "Thrombectomy-Capable Stroke Center",
    "source": "https://profiles.health.ny.gov/hospital/designated_center/Thrombectomy+Capable+Stroke+Center"
  },
  {
    "name": "Elmhurst Hospital Center",
    "city": "Elmhurst",
    "state": "NY",
    "zipcode": "11373",
    "latitude": 40.7449,
    "longitude": -73.8828,
    "certification_org": "NYS Designated",
    "certification_type": "Thrombectomy-Capable Stroke Center",
    "source": "https://profiles.health.ny.gov/hospital/designated_center/Thrombectomy+Capable+Stroke+Center"
  },
  {
    "name": "Kings County Hospital Center",
    "city": "Brooklyn",
    "state": "NY",
    "zipcode": "11203",
    "latitude": 40.6535,
    "longitude": -73.942,
    "certification_org": "NYS Designated",
    "certification_type": "Thrombectomy-Capable Stroke Center",
    "source": "https://profiles.health.ny.gov/hospital/designated_center/Thrombectomy+Capable+Stroke+Center"
  },
  {
    "name": "Lincoln Medical & Mental Health Center",
    "city": "Bronx",
    "state": "NY",
    "zipcode": "10451",
    "latitude": 40.8086,
    "longitude": -73.9218,
    "certification_org": "NYS Designated",
    "certification_type": "Thrombectomy-Capable Stroke Center",
    "source": "https://profiles.health.ny.gov/hospital/designated_center/Thrombectomy+Capable+Stroke+Center"
  },
  {
    "name": "MidHudson Regional Hospital",
    "city": "Poughkeepsie",
    "state": "NY",
    "zipcode": "12601",
    "latitude": 41.7006,
    "longitude": -73.9246,
    "certification_org": "NYS Designated",
    "certification_type": "Thrombectomy-Capable Stroke Center",
    "source": "https://www.midhudsonregional.org/news/midhudson-regional-hospital-now-providing-lifesavi-1582"
  },
  {
    "name": "Mount Sinai Queens",
    "city": "Long Island City",
    "state": "NY",
    "zipcode": "11102",
    "latitude": 40.7614,
    "longitude": -73.9509,
    "certification_org": "Joint Commission",
    "certification_type": "Thrombectomy-Capable Stroke Center",
    "source": "https://www.mountsinai.org/about/newsroom/2021/mount-sinai-queens-earns-prestigious-thrombectomy-capable-stroke-certification-from-joint-commission"
  },
  {
    "name": "Mount Sinai West",
    "city": "New York",
    "state": "NY",
    "zipcode": "10019",
    "latitude": 40.7672,
    "longitude": -73.9882,
    "certification_org": "NYS Designated",
    "certification_type": "Thrombectomy-Capable Stroke Center",
    "source": "https://profiles.health.ny.gov/hospital/designated_center/Thrombectomy+Capable+Stroke+Center"
  },
  {
    "name": "New York-Presbyterian Brooklyn Methodist Hospital",
    "city": "Brooklyn",
    "state": "NY",
    "zipcode": "11215",
    "latitude": 40.6679,
    "longitude": -73.9816,
    "certification_org": "NYS Designated",
    "certification_type": "Thrombectomy-Capable Stroke Center",
    "source": "https://profiles.health.ny.gov/hospital/designated_center/Thrombectomy+Capable+Stroke+Center"
  },
  {
    "name": "Phelps Hospital",
    "city": "Sleepy Hollow",
    "state": "NY",
    "zipcode": "10591",
    "latitude": 41.0862,
    "longitude": -73.8629,
    "certification_org": "Joint Commission",
    "certification_type": "Thrombectomy-Capable Stroke Center",
    "source": "https://www.northwell.edu/news/the-latest/phelps-hospital-earns-advanced-thrombectomy-capable-stroke-center-certification"
  },
  {
    "name": "Richmond University Medical Center",
    "city": "Staten Island",
    "state": "NY",
    "zipcode": "10310",
    "latitude": 40.6371,
    "longitude": -74.1093,
    "certification_org": "NYS Designated",
    "certification_type": "Thrombectomy-Capable Stroke Center",
    "source": "https://profiles.health.ny.gov/hospital/designated_center/Thrombectomy+Capable+Stroke+Center"
  },
  {
    "name": "St. Francis Hospital & Heart Center",
    "city": "Roslyn",
    "state": "NY",
    "zipcode": "11576",
    "latitude": 40.7953,
    "longitude": -73.6487,
    "certification_org": "NYS Designated",
    "certification_type": "Thrombectomy-Capable Stroke Center",
    "source": "https://profiles.health.ny.gov/hospital/designated_center/Thrombectomy+Capable+Stroke+Center"
  },
  {
    "name": "Vassar Brothers Medical Center",
    "city": "Poughkeepsie",
    "state": "NY",
    "zipcode": "12601",
    "latitude": 41.7005,
    "longitude": -73.9394,
    "certification_org": "NYS Designated",
    "certification_type": "Thrombectomy-Capable Stroke Center",
    "source": "https://profiles.health.ny.gov/hospital/designated_center/Thrombectomy+Capable+Stroke+Center"
  },
  {
    "name": "White Plains Hospital Center",
    "city": "White Plains",
    "state": "NY",
    "zipcode": "10601",
    "latitude": 41.034,
    "longitude": -73.7629,
    "certification_org": "NYS Designated",
    "certification_type": "Thrombectomy-Capable Stroke Center",
    "source": "https://profiles.health.ny.gov/hospital/designated_center/Thrombectomy+Capable+Stroke+Center"
  },
  {
    "name": "Bridgeport Hospital",
    "city": "Bridgeport",
    "state": "CT",
    "zipcode": "06610",
    "latitude": 41.1865,
    "longitude": -73.2007,
    "certification_org": "Joint Commission",
    "certification_type": "Thrombectomy-Capable Stroke Center",
    "source": "https://www.bridgeporthospital.org/news/bridgeport-hospital-certified-by-joint-commission-as-thrombectomy-capable-stroke-center"
  },
  {
    "name": "West Tennessee Healthcare",
    "city": "Jackson",
    "state": "TN",
    "zipcode": "38305",
    "latitude": 35.6145,
    "longitude": -88.8139,
    "certification_org": "Joint Commission",
    "certification_type": "Thrombectomy-Capable Stroke Center",
    "source": "https://www.wbbjtv.com/2026/01/08/west-tennessee-healthcare-awarded-thrombectomy-capable-stroke-certification-from-the-joint-commission/"
  },
  {
    "name": "Centra Virginia Baptist Hospital",
    "city": "Lynchburg",
    "state": "VA",
    "zipcode": "24502",
    "latitude": 37.4138,
    "longitude": -79.1422,
    "certification_org": "Joint Commission",
    "certification_type": "Thrombectomy-Capable Stroke Center",
    "source": "https://www.centrahealth.com/news/2023-05-23/joint-commission-awards-centra-thrombectomy-capable-stroke-center-certification"
  },
  {
    "name": "NYC Health + Hospitals/South Brooklyn Health",
    "city": "Brooklyn",
    "state": "NY",
    "zipcode": "11235",
    "latitude": 40.5888,
    "longitude": -73.9493,
    "certification_org": "Joint Commission",
    "certification_type": "Thrombectomy-Capable Stroke Center",
    "source": "https://www.nychealthandhospitals.org/pressrelease/nyc-health-hospitals-south-brooklyn-health-recognized-for-highest-quality-stroke-care-by-the-joint-commission/"
  },
  {
    "name": "Centennial Hills Hospital",
    "city": "Las Vegas",
    "state": "NV",
    "zipcode": "89149",
    "latitude": 36.282,
    "longitude": -115.3018,
    "certification_org": "Joint Commission",
    "certification_type": "Thrombectomy-Capable Stroke Center",
    "source": "https://www.centennialhillshospital.com/about/news/certified-thrombectomy-stroke-joint-commission"
  },
  {
    "name": "Trinity Health Oakland Hospital",
    "city": "Pontiac",
    "state": "MI",
    "zipcode": "48341",
    "latitude": 42.6389,
    "longitude": -83.2911,
    "certification_org": "Joint Commission",
    "certification_type": "Thrombectomy-Capable Stroke Center",
    "source": "https://www.michigan.gov/mdhhs/keep-mi-healthy/communicablediseases/epidemiology/chronicepi/stroke/participating-hospitals",
    "note": "First TSC in the nation (March 2018)"
  },
  {
    "name": "UPMC Harrisburg",
    "city": "Harrisburg",
    "state": "PA",
    "zipcode": "17104",
    "latitude": 40.2732,
    "longitude": -76.8867,
    "certification_org": "Joint Commission",
    "certification_type": "Thrombectomy-Capable Stroke Center",
    "source": "https://www.upmc.com/media/news/central-pa/2024-news-releases/041124-upmc-harrisburg-designated-thrombectomy-capable-stroke-center-by-the-joint-commission"
  },
  {
    "name": "Overlake Medical Center",
    "city": "Bellevue",
    "state": "WA",
    "zipcode": "98004",
    "latitude": 47.6101,
    "longitude": -122.2015,
    "certification_org": "Joint Commission",
    "certification_type": "Thrombectomy-Capable Stroke Center",
    "source": "https://www.overlakehospital.org/news/2024-05/overlake-named-advanced-thrombectomy-capable-stroke-center-joint-commission"
  },
  {
    "name": "Memorial Hospital of South Bend",
    "city": "South Bend",
    "state": "IN",
    "zipcode": "46601",
    "latitude": 41.6764,
    "longitude": -86.252,
    "certification_org": "Joint Commission",
    "certification_type": "Thrombectomy-Capable Stroke Center",
    "source": "https://www.beaconhealthsystem.org/news/2024/01/12/memorial-hospital-awarded-thrombectomy-capable-stroke-center-recertification-from-the-joint-commission/"
  },
  {
    "name": "St. Mary's Hospital",
    "city": "Athens",
    "state": "GA",
    "zipcode": "30606",
    "latitude": 33.9519,
    "longitude": -83.3676,
    "certification_org": "Joint Commission",
    "certification_type": "Thrombectomy-Capable Stroke Center",
    "source": "https://www.stmaryshealthcaresystem.org/press-releases/st-marys-certified-georgias-first-thrombectomy-capable-stroke-center",
    "note": "First TSC in Georgia"
  },
  {
    "name": "Piedmont Columbus Regional - Midtown",
    "city": "Columbus",
    "state": "GA",
    "zipcode": "31901",
    "latitude": 32.4609,
    "longitude": -84.9877,
    "certification_org": "Georgia DPH",
    "certification_type": "Thrombectomy-Capable Stroke Center/Primary Stroke Center-PLUS",
    "source": "https://dph.georgia.gov/comprehensive-thrombectomy-primary-and-remote-treatment-stroke-centers"
  },
  {
    "name": "Bethesda North Hospital",
    "city": "Cincinnati",
    "state": "OH",
    "zipcode": "45242",
    "latitude": 39.2645,
    "longitude": -84.3733,
    "certification_org": "TriHealth",
    "certification_type": "Thrombectomy-Capable Stroke Center",
    "source": "https://www.trihealth.com/services/trihealth-neuroscience-care/stroke-center"
  },
  {
    "name": "Holy Cross Hospital",
    "city": "Fort Lauderdale",
    "state": "FL",
    "zipcode": "33308",
    "latitude": 26.1224,
    "longitude": -80.1373,
    "certification_org": "Joint Commission",
    "certification_type": "Thrombectomy-Capable Stroke Center",
    "source": "https://www.holy-cross.com/newsroom/press-releases/holy-cross-hospital-awarded-thrombectomy-capable-stroke-center",
    "note": "First in South Florida (March 2024)"
  },
  {
    "name": "Providence Saint John's Health Center",
    "city": "Santa Monica",
    "state": "CA",
    "zipcode": "90404",
    "latitude": 34.0194,
    "longitude": -118.4912,
    "certification_org": "Joint Commission",
    "certification_type": "Thrombectomy-Capable Stroke Center",
    "source": "https://www.pacificneuroscienceinstitute.org/blog/stroke/finally-a-thrombectomy-capable-stroke-center-in-your-neighborhood/",
    "note": "First TSC in LA County"
  },
  {
    "name": "Saint Alphonsus Regional Medical Center",
    "city": "Boise",
    "state": "ID",
    "zipcode": "83706",
    "latitude": 43.615,
    "longitude": -116.2023,
    "certification_org": "Idaho Time-Sensitive Emergency (TSE) System",
    "certification_type": "Level 1 Comprehensive Stroke Center",
    "source": "https://www.saintalphonsus.org/services/neuroscience/stroke-center",
    "note": "24/7 mechanical thrombectomy capability, first Level 1 CSC in Idaho (redesignated Aug 2024)"
  },
  {
    "name": "Providence Alaska Medical Center",
    "city": "Anchorage",
    "state": "AK",
    "zipcode": "99508",
    "latitude": 61.192,
    "longitude": -149.817,
    "certification_org": "Alaska State EMS",
    "certification_type": "Primary Stroke Center with Thrombectomy",
    "source": "https://alaska.providence.org/services/p/providence-stroke-center",
    "note": "Thrombectomy services available, largest stroke center in Alaska"
  },
  {
    "name": "Christiana Hospital",
    "city": "Newark",
    "state": "DE",
    "zipcode": "19718",
    "latitude": 39.6679,
    "longitude": -75.7496,
    "certification_org": "Joint Commission",
    "certification_type": "Primary Stroke Center with Thrombectomy",
    "source": "https://www.christianacare.org/services/neurosciences/stroke/",
    "note": "Mechanical thrombectomy capability, largest hospital in Delaware"
  },
  {
    "name": "The Queen's Medical Center",
    "city": "Honolulu",
    "state": "HI",
    "zipcode": "96813",
    "latitude": 21.3099,
    "longitude": -157.8581,
    "certification_org": "Joint Commission",
    "certification_type": "Primary Stroke Center with Thrombectomy",
    "source": "https://www.queens.org/services/neurosciences/stroke-center/",
    "note": "24/7 thrombectomy capability, only Level 1 Trauma Center in Pacific Basin"
  },
  {
    "name": "Maine Medical Center",
    "city": "Portland",
    "state": "ME",
    "zipcode": "04102",
    "latitude": 43.6615,
    "longitude": -70.2553,
    "certification_org": "Joint Commission",
    "certification_type": "Primary Stroke Center with Thrombectomy",
    "source": "https://www.mainehealth.org/maine-medical-center/services/neuroscience/stroke-center",
    "note": "Mechanical thrombectomy capability, largest hospital in Maine"
  },
  {
    "name": "Billings Clinic",
    "city": "Billings",
    "state": "MT",
    "zipcode": "59101",
    "latitude": 45.7833,
    "longitude": -108.5007,
    "certification_org": "Joint Commission",
    "certification_type": "Primary Stroke Center with Thrombectomy",
    "source": "https://www.billingsclinic.com/services/stroke-center/",
    "note": "Thrombectomy services, largest hospital in Montana"
  },
  {
    "name": "Sanford Medical Center Fargo",
    "city": "Fargo",
    "state": "ND",
    "zipcode": "58122",
    "latitude": 46.8772,
    "longitude": -96.7898,
    "certification_org": "Joint Commission",
    "certification_type": "Primary Stroke Center with Thrombectomy",
    "source": "https://www.sanfordhealth.org/locations/sanford-medical-center-fargo",
    "note": "Mechanical thrombectomy capability, largest medical center in ND"
  },
  {
    "name": "Dartmouth Hitchcock Medical Center",
    "city": "Lebanon",
    "state": "NH",
    "zipcode": "03756",
    "latitude": 43.6422,
    "longitude": -72.2517,
    "certification_org": "Joint Commission",
    "certification_type": "Primary Stroke Center with Thrombectomy",
    "source": "https://www.dartmouth-hitchcock.org/neurology-neurosurgery/stroke",
    "note": "24/7 thrombectomy capability, academic medical center"
  },
  {
    "name": "Sanford USD Medical Center",
    "city": "Sioux Falls",
    "state": "SD",
    "zipcode": "57117",
    "latitude": 43.5446,
    "longitude": -96.7311,
    "certification_org": "Joint Commission",
    "certification_type": "Primary Stroke Center with Thrombectomy",
    "source": "https://www.sanfordhealth.org/locations/sanford-usd-medical-center",
    "note": "Mechanical thrombectomy services, largest hospital in SD"
  },
  {
    "name": "University of Vermont Medical Center",
    "city": "Burlington",
    "state": "VT",
    "zipcode": "05401",
    "latitude": 44.4759,
    "longitude": -73.2121,
    "certification_org": "Joint Commission",
    "certification_type": "Primary Stroke Center with Thrombectomy",
    "source": "https://www.uvmhealth.org/services/stroke-program",
    "note": "Thrombectomy capability, Vermont's only Level 1 Trauma Center"
  },
  {
    "name": "Wyoming Medical Center",
    "city": "Casper",
    "state": "WY",
    "zipcode": "82601",
    "latitude": 42.85,
    "longitude": -106.325,
    "certification_org": "Joint Commission",
    "certification_type": "Primary Stroke Center with Thrombectomy",
    "source": "https://www.wyomingmedicalcenter.org/services/stroke-care/",
    "note": "Mechanical thrombectomy services available, largest hospital in WY"
  },
  {
    "name": "Renown Regional Medical Center",
    "city": "Reno",
    "state": "NV",
    "zipcode": "89502",
    "latitude": 39.5296,
    "longitude": -119.8138,
    "certification_org": "Joint Commission",
    "certification_type": "Primary Stroke Center with Thrombectomy",
    "source": "https://www.renown.org/services/neurosciences/stroke-center",
    "note": "24/7 thrombectomy capability, northern Nevada's primary referral center"
  },
  {
    "name": "OSF Saint Francis Medical Center",
    "city": "Peoria",
    "state": "IL",
    "zipcode": "61637",
    "latitude": 40.6936,
    "longitude": -89.589,
    "certification_org": "Joint Commission",
    "certification_type": "Thrombectomy-Capable Stroke Center",
    "source": "https://www.osfhealthcare.org/stroke/",
    "note": "Comprehensive stroke program with 24/7 thrombectomy"
  },
  {
    "name": "ProMedica Toledo Hospital",
    "city": "Toledo",
    "state": "OH",
    "zipcode": "43606",
    "latitude": 41.6528,
    "longitude": -83.5379,
    "certification_org": "Joint Commission",
    "certification_type": "Primary Stroke Center with Thrombectomy",
    "source": "https://www.promedica.org/locations/toledo-hospital",
    "note": "Mechanical thrombectomy capability, major regional center"
  },
  {
    "name": "Ascension Columbia St. Mary's Hospital Milwaukee",
    "city": "Milwaukee",
    "state": "WI",
    "zipcode": "53211",
    "latitude": 43.0731,
    "longitude": -87.9065,
    "certification_org": "Joint Commission",
    "certification_type": "Primary Stroke Center with Thrombectomy",
    "source": "https://healthcare.ascension.org/locations/wisconsin/wimi-columbia-st-marys-hospital-milwaukee",
    "note": "Thrombectomy services available"
  },
  {
    "name": "Baptist Health Lexington",
    "city": "Lexington",
    "state": "KY",
    "zipcode": "40503",
    "latitude": 38.0406,
    "longitude": -84.5037,
    "certification_org": "Joint Commission",
    "certification_type": "Primary Stroke Center with Thrombectomy",
    "source": "https://www.baptisthealth.com/locations/baptist-health-lexington/services/neuroscience",
    "note": "Mechanical thrombectomy capability"
  },
  {
    "name": "Banner Thunderbird Medical Center",
    "city": "Glendale",
    "state": "AZ",
    "zipcode": "85306",
    "latitude": 33.5387,
    "longitude": -112.1859,
    "certification_org": "Joint Commission",
    "certification_type": "Primary Stroke Center with Thrombectomy",
    "source": "https://www.bannerhealth.com/locations/glendale/banner-thunderbird-medical-center",
    "note": "Thrombectomy services available"
  },
  {
    "name": "University of Mississippi Medical Center",
    "city": "Jackson",
    "state": "MS",
    "zipcode": "39216",
    "latitude": 32.3199,
    "longitude": -90.1848,
    "certification_org": "Joint Commission",
    "certification_type": "Primary Stroke Center with Thrombectomy",
    "source": "https://www.umc.edu/Healthcare/Stroke-Center/stroke-center.html",
    "note": "24/7 thrombectomy capability, state's only Level 1 Trauma Center"
  },
  {
    "name": "Charleston Area Medical Center",
    "city": "Charleston",
    "state": "WV",
    "zipcode": "25304",
    "latitude": 38.3498,
    "longitude": -81.6326,
    "certification_org": "Joint Commission",
    "certification_type": "Primary Stroke Center with Thrombectomy",
    "source": "https://www.camcwv.org/services/neurosciences/stroke",
    "note": "Mechanical thrombectomy services"
  },
  {
    "name": "Baptist Health Medical Center - Little Rock",
    "city": "Little Rock",
    "state": "AR",
    "zipcode": "72205",
    "latitude": 34.7465,
    "longitude": -92.2896,
    "certification_org": "Joint Commission",
    "certification_type": "Primary Stroke Center with Thrombectomy",
    "source": "https://www.baptist-health.com/location/baptist-health-medical-center-little-rock",
    "note": "Thrombectomy capability"
  },
  {
    "name": "St. Luke's Boise Medical Center",
    "city": "Boise",
    "state": "ID",
    "zipcode": "83712",
    "latitude": 43.6187,
    "longitude": -116.2937,
    "certification_org": "Joint Commission",
    "certification_type": "Primary Stroke Center with Thrombectomy",
    "source": "https://www.stlukesonline.org/health-services/service-groups/heart-vascular/stroke",
    "note": "24/7 thrombectomy capability, largest hospital system in Idaho"
  },
  {
    "name": "Mat-Su Regional Medical Center",
    "city": "Palmer",
    "state": "AK",
    "zipcode": "99645",
    "latitude": 61.5994,
    "longitude": -149.1128,
    "certification_org": "Joint Commission",
    "certification_type": "Primary Stroke Center",
    "source": "https://www.matsuregional.com/services/neuroscience/stroke-center/",
    "note": "Stroke center serving Mat-Su Valley"
  },
  {
    "name": "Bayhealth Hospital - Kent Campus",
    "city": "Dover",
    "state": "DE",
    "zipcode": "19901",
    "latitude": 39.1582,
    "longitude": -75.5244,
    "certification_org": "Joint Commission",
    "certification_type": "Primary Stroke Center",
    "source": "https://www.bayhealth.org/locations/kent-campus",
    "note": "Primary Stroke Center serving central Delaware"
  },
  {
    "name": "Straub Medical Center",
    "city": "Honolulu",
    "state": "HI",
    "zipcode": "96813",
    "latitude": 21.307,
    "longitude": -157.847,
    "certification_org": "Joint Commission",
    "certification_type": "Primary Stroke Center",
    "source": "https://www.straubhealth.org/",
    "note": "Primary Stroke Center in Honolulu"
  },
  {
    "name": "Northern Light Eastern Maine Medical Center",
    "city": "Bangor",
    "state": "ME",
    "zipcode": "04401",
    "latitude": 44.8016,
    "longitude": -68.7712,
    "certification_org": "Joint Commission",
    "certification_type": "Primary Stroke Center with Thrombectomy",
    "source": "https://northernlighthealth.org/locations/northern-light-eastern-maine-medical-center",
    "note": "Thrombectomy services, serves northern Maine"
  },
  {
    "name": "St. Vincent Healthcare",
    "city": "Billings",
    "state": "MT",
    "zipcode": "59101",
    "latitude": 45.7797,
    "longitude": -108.5435,
    "certification_org": "Joint Commission",
    "certification_type": "Primary Stroke Center",
    "source": "https://www.svh-mt.org/services/stroke-care/",
    "note": "Primary Stroke Center in Billings"
  },
  {
    "name": "St. Patrick Hospital",
    "city": "Missoula",
    "state": "MT",
    "zipcode": "59802",
    "latitude": 46.8721,
    "longitude": -113.994,
    "certification_org": "Joint Commission",
    "certification_type": "Primary Stroke Center",
    "source": "https://www.saintpatrick.org/",
    "note": "Primary Stroke Center serving western Montana"
  },
  {
    "name": "Dartmouth Health Mt. Ascutney Hospital",
    "city": "Windsor",
    "state": "VT",
    "zipcode": "05089",
    "latitude": 43.4756,
    "longitude": -72.403,
    "certification_org": "Joint Commission",
    "certification_type": "Primary Stroke Center",
    "source": "https://www.mtascutneyhospital.org/",
    "note": "Primary Stroke Center serving southern Vermont"
  },
  {
    "name": "Cheyenne Regional Medical Center",
    "city": "Cheyenne",
    "state": "WY",
    "zipcode": "82001",
    "latitude": 41.14,
    "longitude": -104.8202,
    "certification_org": "Joint Commission",
    "certification_type": "Primary Stroke Center with Thrombectomy",
    "source": "https://www.cheyenneregional.org/our-services/neurosciences/stroke-care/",
    "note": "Thrombectomy capability, serves southeast Wyoming"
  },
  {
    "name": "Catholic Medical Center",
    "city": "Manchester",
    "state": "NH",
    "zipcode": "03102",
    "latitude": 43.0059,
    "longitude": -71.4676,
    "certification_org": "Joint Commission",
    "certification_type": "Primary Stroke Center",
    "source": "https://www.catholicmedicalcenter.org/",
    "note": "Primary Stroke Center serving southern NH"
  },
  {
    "name": "Portsmouth Regional Hospital",
    "city": "Portsmouth",
    "state": "NH",
    "zipcode": "03801",
    "latitude": 43.0718,
    "longitude": -70.7626,
    "certification_org": "Joint Commission",
    "certification_type": "Primary Stroke Center",
    "source": "https://www.portsmouthhospital.com/",
    "note": "Primary Stroke Center serving seacoast region"
  },
  {
    "name": "Sunrise Hospital & Medical Center",
    "city": "Las Vegas",
    "state": "NV",
    "zipcode": "89109",
    "latitude": 36.1215,
    "longitude": -115.1391,
    "certification_org": "Joint Commission",
    "certification_type": "Primary Stroke Center with Thrombectomy",
    "source": "https://www.sunrisehospital.com/services/stroke-care/",
    "note": "Thrombectomy services in Las Vegas"
  },
  {
    "name": "University Medical Center of Southern Nevada",
    "city": "Las Vegas",
    "state": "NV",
    "zipcode": "89102",
    "latitude": 36.1699,
    "longitude": -115.1398,
    "certification_org": "Joint Commission",
    "certification_type": "Primary Stroke Center with Thrombectomy",
    "source": "https://www.umcsn.com/",
    "note": "Level 1 Trauma Center with thrombectomy capability"
  },
  {
    "name": "Carson Tahoe Regional Medical Center",
    "city": "Carson City",
    "state": "NV",
    "zipcode": "89703",
    "latitude": 39.1638,
    "longitude": -119.7674,
    "certification_org": "Joint Commission",
    "certification_type": "Primary Stroke Center",
    "source": "https://www.carsontahoe.com/",
    "note": "Primary Stroke Center serving northern Nevada"
  },
  {
    "name": "Monument Health Rapid City Hospital",
    "city": "Rapid City",
    "state": "SD",
    "zipcode": "57701",
    "latitude": 44.0805,
    "longitude": -103.231,
    "certification_org": "Joint Commission",
    "certification_type": "Primary Stroke Center with Thrombectomy",
    "source": "https://www.monumenthealth.org/",
    "note": "Thrombectomy services, serves western South Dakota"
  },
  {
    "name": "Essentia Health",
    "city": "Fargo",
    "state": "ND",
    "zipcode": "58122",
    "latitude": 46.8772,
    "longitude": -96.7898,
    "certification_org": "Joint Commission",
    "certification_type": "Primary Stroke Center",
    "source": "https://www.essentiahealth.org/find-a-location/essentia-health-fargo/",
    "note": "Primary Stroke Center in Fargo"
  },
  {
    "name": "CHI St. Alexius Health",
    "city": "Bismarck",
    "state": "ND",
    "zipcode": "58501",
    "latitude": 46.8083,
    "longitude": -100.7837,
    "certification_org": "Joint Commission",
    "certification_type": "Primary Stroke Center",
    "source": "https://www.chistalexiushealth.org/",
    "note": "Primary Stroke Center serving central ND"
  },
  {
    "name": "Cedars-Sinai Medical Center",
    "city": "Los Angeles",
    "state": "CA",
    "zipcode": "90048",
    "latitude": 34.0752,
    "longitude": -118.3765,
    "certification_org": "Joint Commission",
    "certification_type": "Thrombectomy-Capable Stroke Center",
    "source": "https://www.cedars-sinai.org/programs/neurology-neurosurgery/clinical/stroke-program.html",
    "note": "Advanced thrombectomy program"
  },
  {
    "name": "Kaiser Permanente Los Angeles Medical Center",
    "city": "Los Angeles",
    "state": "CA",
    "zipcode": "90027",
    "latitude": 34.0983,
    "longitude": -118.2941,
    "certification_org": "Joint Commission",
    "certification_type": "Primary Stroke Center with Thrombectomy",
    "source": "https://healthy.kaiserpermanente.org/southern-california/facilities/los-angeles-medical-center-100193",
    "note": "Thrombectomy services available"
  },
  {
    "name": "Hoag Memorial Hospital Presbyterian",
    "city": "Newport Beach",
    "state": "CA",
    "zipcode": "92663",
    "latitude": 33.6189,
    "longitude": -117.9298,
    "certification_org": "Joint Commission",
    "certification_type": "Primary Stroke Center with Thrombectomy",
    "source": "https://www.hoag.org/specialties-services/neurosciences/stroke-center/",
    "note": "Thrombectomy capability in Orange County"
  },
  {
    "name": "Sutter Medical Center, Sacramento",
    "city": "Sacramento",
    "state": "CA",
    "zipcode": "95819",
    "latitude": 38.5691,
    "longitude": -121.459,
    "certification_org": "Joint Commission",
    "certification_type": "Primary Stroke Center with Thrombectomy",
    "source": "https://www.sutterhealth.org/find-location/facility/sutter-medical-center-sacramento",
    "note": "Thrombectomy services"
  },
  {
    "name": "Sharp Memorial Hospital",
    "city": "San Diego",
    "state": "CA",
    "zipcode": "92123",
    "latitude": 32.7765,
    "longitude": -117.1498,
    "certification_org": "Joint Commission",
    "certification_type": "Primary Stroke Center with Thrombectomy",
    "source": "https://www.sharp.com/hospitals/memorial/",
    "note": "Thrombectomy capability in San Diego"
  },
  {
    "name": "Baylor Scott & White Medical Center - Temple",
    "city": "Temple",
    "state": "TX",
    "zipcode": "76508",
    "latitude": 31.0982,
    "longitude": -97.3428,
    "certification_org": "Joint Commission",
    "certification_type": "Primary Stroke Center with Thrombectomy",
    "source": "https://www.bswhealth.com/locations/temple",
    "note": "Thrombectomy services in central Texas"
  },
  {
    "name": "Medical City Dallas Hospital",
    "city": "Dallas",
    "state": "TX",
    "zipcode": "75230",
    "latitude": 32.9033,
    "longitude": -96.7698,
    "certification_org": "Joint Commission",
    "certification_type": "Primary Stroke Center with Thrombectomy",
    "source": "https://medicalcityhealthcare.com/locations/medical-city-dallas/",
    "note": "Thrombectomy capability"
  },
  {
    "name": "St. David's Medical Center",
    "city": "Austin",
    "state": "TX",
    "zipcode": "78705",
    "latitude": 30.2819,
    "longitude": -97.7517,
    "certification_org": "Joint Commission",
    "certification_type": "Primary Stroke Center with Thrombectomy",
    "source": "https://stdavids.com/locations/st-davids-medical-center/",
    "note": "Thrombectomy services in Austin"
  },
  {
    "name": "Tampa General Hospital",
    "city": "Tampa",
    "state": "FL",
    "zipcode": "33606",
    "latitude": 27.9447,
    "longitude": -82.4586,
    "certification_org": "Joint Commission",
    "certification_type": "Thrombectomy-Capable Stroke Center",
    "source": "https://www.tgh.org/services/neurosciences/stroke-care",
    "note": "Advanced thrombectomy program"
  },
  {
    "name": "Orlando Regional Medical Center",
    "city": "Orlando",
    "state": "FL",
    "zipcode": "32806",
    "latitude": 28.5513,
    "longitude": -81.3782,
    "certification_org": "Joint Commission",
    "certification_type": "Primary Stroke Center with Thrombectomy",
    "source": "https://www.orlandohealth.com/facilities/orlando-regional-medical-center",
    "note": "Thrombectomy capability"
  },
  {
    "name": "Baptist Medical Center Jacksonville",
    "city": "Jacksonville",
    "state": "FL",
    "zipcode": "32207",
    "latitude": 30.311,
    "longitude": -81.6634,
    "certification_org": "Joint Commission",
    "certification_type": "Primary Stroke Center with Thrombectomy",
    "source": "https://baptistjax.com/locations/baptist-medical-center-jacksonville",
    "note": "Thrombectomy services"
  },
  {
    "name": "Stony Brook University Hospital",
    "city": "Stony Brook",
    "state": "NY",
    "zipcode": "11794",
    "latitude": 40.9144,
    "longitude": -73.1207,
    "certification_org": "Joint Commission",
    "certification_type": "Primary Stroke Center with Thrombectomy",
    "source": "https://www.stonybrookmedicine.edu/patientcare/stroke",
    "note": "Thrombectomy capability on Long Island"
  },
  {
    "name": "Albany Medical Center",
    "city": "Albany",
    "state": "NY",
    "zipcode": "12208",
    "latitude": 42.6526,
    "longitude": -73.7562,
    "certification_org": "Joint Commission",
    "certification_type": "Primary Stroke Center with Thrombectomy",
    "source": "https://www.amc.edu/patient/services/neurosciences/stroke.cfm",
    "note": "Thrombectomy services in capital region"
  },
  {
    "name": "Strong Memorial Hospital",
    "city": "Rochester",
    "state": "NY",
    "zipcode": "14642",
    "latitude": 43.1207,
    "longitude": -77.6262,
    "certification_org": "Joint Commission",
    "certification_type": "Primary Stroke Center with Thrombectomy",
    "source": "https://www.urmc.rochester.edu/neurology/divisions/stroke-center.aspx",
    "note": "Thrombectomy capability"
  },
  {
    "name": "Cleveland Clinic Akron General",
    "city": "Akron",
    "state": "OH",
    "zipcode": "44307",
    "latitude": 41.0732,
    "longitude": -81.514,
    "certification_org": "Joint Commission",
    "certification_type": "Primary Stroke Center with Thrombectomy",
    "source": "https://my.clevelandclinic.org/locations/akron-general",
    "note": "Thrombectomy services"
  },
  {
    "name": "OhioHealth Riverside Methodist Hospital",
    "city": "Columbus",
    "state": "OH",
    "zipcode": "43214",
    "latitude": 40.037,
    "longitude": -82.9988,
    "certification_org": "Joint Commission",
    "certification_type": "Primary Stroke Center with Thrombectomy",
    "source": "https://www.ohiohealth.com/locations/hospitals/riverside-methodist-hospital/",
    "note": "Thrombectomy capability"
  },
  {
    "name": "Mercy Health - St. Vincent Medical Center",
    "city": "Toledo",
    "state": "OH",
    "zipcode": "43608",
    "latitude": 41.6528,
    "longitude": -83.5647,
    "certification_org": "Joint Commission",
    "certification_type": "Primary Stroke Center with Thrombectomy",
    "source": "https://www.mercy.com/st-vincent-medical-center-toledo",
    "note": "Thrombectomy services"
  },
  {
    "name": "Penn Presbyterian Medical Center",
    "city": "Philadelphia",
    "state": "PA",
    "zipcode": "19104",
    "latitude": 39.9697,
    "longitude": -75.2046,
    "certification_org": "Joint Commission",
    "certification_type": "Primary Stroke Center with Thrombectomy",
    "source": "https://www.pennmedicine.org/for-patients-and-visitors/find-a-facility/penn-presbyterian-medical-center",
    "note": "Thrombectomy capability"
  },
  {
    "name": "Lehigh Valley Hospital - Cedar Crest",
    "city": "Allentown",
    "state": "PA",
    "zipcode": "18103",
    "latitude": 40.6084,
    "longitude": -75.5157,
    "certification_org": "Joint Commission",
    "certification_type": "Primary Stroke Center with Thrombectomy",
    "source": "https://www.lvhn.org/locations/lehigh-valley-hospital-cedar-crest",
    "note": "Thrombectomy services"
  },
  {
    "name": "Geisinger Medical Center",
    "city": "Danville",
    "state": "PA",
    "zipcode": "17822",
    "latitude": 40.9637,
    "longitude": -76.6127,
    "certification_org": "Joint Commission",
    "certification_type": "Primary Stroke Center with Thrombectomy",
    "source": "https://www.geisinger.org/locations/geisinger-medical-center",
    "note": "Thrombectomy capability"
  },
  {
    "name": "Wellstar Kennestone Hospital",
    "city": "Marietta",
    "state": "GA",
    "zipcode": "30060",
    "latitude": 33.9526,
    "longitude": -84.5499,
    "certification_org": "Joint Commission",
    "certification_type": "Primary Stroke Center with Thrombectomy",
    "source": "https://www.wellstar.org/locations/kennestone-hospital",
    "note": "Thrombectomy services"
  },
  {
    "name": "Piedmont Atlanta Hospital",
    "city": "Atlanta",
    "state": "GA",
    "zipcode": "30309",
    "latitude": 33.7904,
    "longitude": -84.3722,
    "certification_org": "Joint Commission",
    "certification_type": "Primary Stroke Center with Thrombectomy",
    "source": "https://www.piedmont.org/locations/piedmont-atlanta-hospital",
    "note": "Thrombectomy capability"
  },
  {
    "name": "Augusta University Medical Center",
    "city": "Augusta",
    "state": "GA",
    "zipcode": "30912",
    "latitude": 33.4735,
    "longitude": -82.0105,
    "certification_org": "Joint Commission",
    "certification_type": "Primary Stroke Center with Thrombectomy",
    "source": "https://www.augustahealth.org/medical-center",
    "note": "Thrombectomy services"
  },
  {
    "name": "Atrium Health Carolinas Medical Center",
    "city": "Charlotte",
    "state": "NC",
    "zipcode": "28203",
    "latitude": 35.208,
    "longitude": -80.8301,
    "certification_org": "Joint Commission",
    "certification_type": "Primary Stroke Center with Thrombectomy",
    "source": "https://atriumhealth.org/locations/carolinas-medical-center",
    "note": "Thrombectomy capability"
  },
  {
    "name": "Cone Health Moses Cone Hospital",
    "city": "Greensboro",
    "state": "NC",
    "zipcode": "27401",
    "latitude": 36.0726,
    "longitude": -79.792,
    "certification_org": "Joint Commission",
    "certification_type": "Primary Stroke Center with Thrombectomy",
    "source": "https://www.conehealth.com/locations/moses-cone-hospital/",
    "note": "Thrombectomy services"
  },
  {
    "name": "Novant Health Presbyterian Medical Center",
    "city": "Charlotte",
    "state": "NC",
    "zipcode": "28204",
    "latitude": 35.2087,
    "longitude": -80.8356,
    "certification_org": "Joint Commission",
    "certification_type": "Primary Stroke Center with Thrombectomy",
    "source": "https://www.novanthealth.org/presbyterian-medical-center.aspx",
    "note": "Thrombectomy capability"
  },
  {
    "name": "Advocate Christ Medical Center",
    "city": "Oak Lawn",
    "state": "IL",
    "zipcode": "60453",
    "latitude": 41.7198,
    "longitude": -87.7479,
    "certification_org": "Joint Commission",
    "certification_type": "Primary Stroke Center with Thrombectomy",
    "source": "https://www.advocatehealth.com/christ",
    "note": "Thrombectomy services"
  },
  {
    "name": "Loyola University Medical Center",
    "city": "Maywood",
    "state": "IL",
    "zipcode": "60153",
    "latitude": 41.8781,
    "longitude": -87.8348,
    "certification_org": "Joint Commission",
    "certification_type": "Primary Stroke Center with Thrombectomy",
    "source": "https://www.loyolamedicine.org/",
    "note": "Thrombectomy capability"
  },
  {
    "name": "Advocate Lutheran General Hospital",
    "city": "Park Ridge",
    "state": "IL",
    "zipcode": "60068",
    "latitude": 42.0111,
    "longitude": -87.8406,
    "certification_org": "Joint Commission",
    "certification_type": "Primary Stroke Center with Thrombectomy",
    "source": "https://www.advocatehealth.com/luth",
    "note": "Thrombectomy services"
  },
  {
    "name": "Beaumont Hospital - Royal Oak",
    "city": "Royal Oak",
    "state": "MI",
    "zipcode": "48073",
    "latitude": 42.4897,
    "longitude": -83.1465,
    "certification_org": "Joint Commission",
    "certification_type": "Primary Stroke Center with Thrombectomy",
    "source": "https://www.beaumont.org/locations/royal-oak-hospital",
    "note": "Thrombectomy capability"
  },
  {
    "name": "Henry Ford Hospital",
    "city": "Detroit",
    "state": "MI",
    "zipcode": "48202",
    "latitude": 42.3595,
    "longitude": -83.0686,
    "certification_org": "Joint Commission",
    "certification_type": "Thrombectomy-Capable Stroke Center",
    "source": "https://www.henryford.com/locations/henry-ford-hospital",
    "note": "Advanced thrombectomy program"
  },
  {
    "name": "Spectrum Health Butterworth Hospital",
    "city": "Grand Rapids",
    "state": "MI",
    "zipcode": "49503",
    "latitude": 42.9684,
    "longitude": -85.6681,
    "certification_org": "Joint Commission",
    "certification_type": "Primary Stroke Center with Thrombectomy",
    "source": "https://www.spectrumhealth.org/locations/spectrum-health-butterworth-hospital",
    "note": "Thrombectomy services"
  },
  {
    "name": "Indiana University Health Methodist Hospital",
    "city": "Indianapolis",
    "state": "IN",
    "zipcode": "46202",
    "latitude": 39.7817,
    "longitude": -86.1629,
    "certification_org": "Joint Commission",
    "certification_type": "Primary Stroke Center with Thrombectomy",
    "source": "https://iuhealth.org/find-locations/iu-health-methodist-hospital",
    "note": "Thrombectomy capability"
  },
  {
    "name": "Parkview Regional Medical Center",
    "city": "Fort Wayne",
    "state": "IN",
    "zipcode": "46805",
    "latitude": 41.0452,
    "longitude": -85.1321,
    "certification_org": "Joint Commission",
    "certification_type": "Primary Stroke Center with Thrombectomy",
    "source": "https://www.parkview.com/locations/parkview-regional-medical-center",
    "note": "Thrombectomy services"
  },
  {
    "name": "Froedtert Hospital",
    "city": "Milwaukee",
    "state": "WI",
    "zipcode": "53226",
    "latitude": 43.0538,
    "longitude": -88.0376,
    "certification_org": "Joint Commission",
    "certification_type": "Primary Stroke Center with Thrombectomy",
    "source": "https://www.froedtert.com/locations/froedtert-hospital",
    "note": "Thrombectomy capability"
  },
  {
    "name": "UW Health University Hospital",
    "city": "Madison",
    "state": "WI",
    "zipcode": "53792",
    "latitude": 43.0731,
    "longitude": -89.4012,
    "certification_org": "Joint Commission",
    "certification_type": "Primary Stroke Center with Thrombectomy",
    "source": "https://www.uwhealth.org/locations/uw-health-university-hospital",
    "note": "Thrombectomy services"
  },
  {
    "name": "TriStar Skyline Medical Center",
    "city": "Nashville",
    "state": "TN",
    "zipcode": "37207",
    "latitude": 36.2024,
    "longitude": -86.7816,
    "certification_org": "Joint Commission",
    "certification_type": "Primary Stroke Center with Thrombectomy",
    "source": "https://www.tristarskyline.com/",
    "note": "Thrombectomy capability"
  },
  {
    "name": "Methodist Le Bonheur Healthcare",
    "city": "Memphis",
    "state": "TN",
    "zipcode": "38104",
    "latitude": 35.1495,
    "longitude": -90.049,
    "certification_org": "Joint Commission",
    "certification_type": "Primary Stroke Center with Thrombectomy",
    "source": "https://www.methodisthealth.org/locations/methodist-university-hospital/",
    "note": "Thrombectomy services"
  },
  {
    "name": "Sentara Norfolk General Hospital",
    "city": "Norfolk",
    "state": "VA",
    "zipcode": "23507",
    "latitude": 36.8607,
    "longitude": -76.3018,
    "certification_org": "Joint Commission",
    "certification_type": "Primary Stroke Center with Thrombectomy",
    "source": "https://www.sentara.com/norfolk-virginia/locations/hospitals/sentara-norfolk-general-hospital.aspx",
    "note": "Thrombectomy capability"
  },
  {
    "name": "Carilion Roanoke Memorial Hospital",
    "city": "Roanoke",
    "state": "VA",
    "zipcode": "24014",
    "latitude": 37.271,
    "longitude": -79.9414,
    "certification_org": "Joint Commission",
    "certification_type": "Primary Stroke Center with Thrombectomy",
    "source": "https://www.carilionclinic.org/locations/carilion-roanoke-memorial-hospital",
    "note": "Thrombectomy services"
  },
  {
    "name": "MUSC Health University Medical Center",
    "city": "Charleston",
    "state": "SC",
    "zipcode": "29425",
    "latitude": 32.7876,
    "longitude": -79.9553,
    "certification_org": "Joint Commission",
    "certification_type": "Primary Stroke Center with Thrombectomy",
    "source": "https://muschealth.org/medical-services/stroke/",
    "note": "Thrombectomy capability"
  },
  {
    "name": "Prisma Health Richland",
    "city": "Columbia",
    "state": "SC",
    "zipcode": "29203",
    "latitude": 34.0007,
    "longitude": -81.0348,
    "certification_org": "Joint Commission",
    "certification_type": "Primary Stroke Center with Thrombectomy",
    "source": "https://www.prismahealth.org/locations/hospitals/prisma-health-richland-hospital/",
    "note": "Thrombectomy services"
  },
  {
    "name": "Prisma Health Greenville Memorial Hospital",
    "city": "Greenville",
    "state": "SC",
    "zipcode": "29605",
    "latitude": 34.8526,
    "longitude": -82.394,
    "certification_org": "Joint Commission",
    "certification_type": "Primary Stroke Center with Thrombectomy",
    "source": "https://www.prismahealth.org/locations/hospitals/prisma-health-greenville-memorial-hospital/",
    "note": "Thrombectomy capability"
  },
  {
    "name": "Huntsville Hospital",
    "city": "Huntsville",
    "state": "AL",
    "zipcode": "35801",
    "latitude": 34.7304,
    "longitude": -86.5861,
    "certification_org": "Joint Commission",
    "certification_type": "Primary Stroke Center with Thrombectomy",
    "source": "https://www.huntsvillehospital.org/",
    "note": "Thrombectomy services"
  },
  {
    "name": "UAB Hospital",
    "city": "Birmingham",
    "state": "AL",
    "zipcode": "35233",
    "latitude": 33.5057,
    "longitude": -86.8025,
    "certification_org": "Joint Commission",
    "certification_type": "Primary Stroke Center with Thrombectomy",
    "source": "https://www.uabmedicine.org/patient-care/treatments/stroke",
    "note": "Thrombectomy capability"
  },
  {
    "name": "Ochsner Medical Center",
    "city": "New Orleans",
    "state": "LA",
    "zipcode": "70121",
    "latitude": 29.9511,
    "longitude": -90.0715,
    "certification_org": "Joint Commission",
    "certification_type": "Primary Stroke Center with Thrombectomy",
    "source": "https://www.ochsner.org/locations/ochsner-medical-center",
    "note": "Thrombectomy services"
  },
  {
    "name": "Our Lady of the Lake Regional Medical Center",
    "city": "Baton Rouge",
    "state": "LA",
    "zipcode": "70808",
    "latitude": 30.4515,
    "longitude": -91.1871,
    "certification_org": "Joint Commission",
    "certification_type": "Primary Stroke Center with Thrombectomy",
    "source": "https://www.fultonsystembr.org/olol",
    "note": "Thrombectomy capability"
  },
  {
    "name": "OU Health - University of Oklahoma Medical Center",
    "city": "Oklahoma City",
    "state": "OK",
    "zipcode": "73104",
    "latitude": 35.4676,
    "longitude": -97.5164,
    "certification_org": "Joint Commission",
    "certification_type": "Primary Stroke Center with Thrombectomy",
    "source": "https://ouhealth.com/",
    "note": "Thrombectomy services"
  },
  {
    "name": "Saint Francis Hospital",
    "city": "Tulsa",
    "state": "OK",
    "zipcode": "74136",
    "latitude": 36.1539,
    "longitude": -95.9928,
    "certification_org": "Joint Commission",
    "certification_type": "Primary Stroke Center with Thrombectomy",
    "source": "https://www.saintfrancis.com/",
    "note": "Thrombectomy capability"
  },
  {
    "name": "The University of Kansas Health System",
    "city": "Kansas City",
    "state": "KS",
    "zipcode": "66160",
    "latitude": 39.0558,
    "longitude": -94.6091,
    "certification_org": "Joint Commission",
    "certification_type": "Primary Stroke Center with Thrombectomy",
    "source": "https://www.kansashealthsystem.com/",
    "note": "Thrombectomy services"
  },
  {
    "name": "Ascension Via Christi Hospital Wichita",
    "city": "Wichita",
    "state": "KS",
    "zipcode": "67214",
    "latitude": 37.6872,
    "longitude": -97.3301,
    "certification_org": "Joint Commission",
    "certification_type": "Primary Stroke Center with Thrombectomy",
    "source": "https://healthcare.ascension.org/locations/kansas/kswic-via-christi-hospital-st-francis",
    "note": "Thrombectomy capability"
  },
  {
    "name": "Nebraska Medicine - Nebraska Medical Center",
    "city": "Omaha",
    "state": "NE",
    "zipcode": "68198",
    "latitude": 41.2565,
    "longitude": -96.0086,
    "certification_org": "Joint Commission",
    "certification_type": "Primary Stroke Center with Thrombectomy",
    "source": "https://www.nebraskamed.com/",
    "note": "Thrombectomy services"
  },
  {
    "name": "CHI Health Creighton University Medical Center - Bergan Mercy",
    "city": "Omaha",
    "state": "NE",
    "zipcode": "68124",
    "latitude": 41.2523,
    "longitude": -96.0045,
    "certification_org": "Joint Commission",
    "certification_type": "Primary Stroke Center with Thrombectomy",
    "source": "https://www.chihealth.com/locations/chi-health-creighton-university-medical-center.html",
    "note": "Thrombectomy capability"
  },
  {
    "name": "Intermountain Medical Center",
    "city": "Murray",
    "state": "UT",
    "zipcode": "84107",
    "latitude": 40.6499,
    "longitude": -111.891,
    "certification_org": "Joint Commission",
    "certification_type": "Primary Stroke Center with Thrombectomy",
    "source": "https://intermountainhealthcare.org/locations/intermountain-medical-center/",
    "note": "Thrombectomy services"
  },
  {
    "name": "St. Mark's Hospital",
    "city": "Salt Lake City",
    "state": "UT",
    "zipcode": "84124",
    "latitude": 40.6688,
    "longitude": -111.8366,
    "certification_org": "Joint Commission",
    "certification_type": "Primary Stroke Center with Thrombectomy",
    "source": "https://www.stmarkshospital.com/",
    "note": "Thrombectomy capability"
  },
  {
    "name": "Legacy Emanuel Medical Center",
    "city": "Portland",
    "state": "OR",
    "zipcode": "97227",
    "latitude": 45.5369,
    "longitude": -122.6654,
    "certification_org": "Joint Commission",
    "certification_type": "Primary Stroke Center with Thrombectomy",
    "source": "https://www.legacyhealth.org/locations/hospitals/legacy-emanuel-medical-center.aspx",
    "note": "Thrombectomy services"
  },
  {
    "name": "Providence St. Vincent Medical Center",
    "city": "Portland",
    "state": "OR",
    "zipcode": "97225",
    "latitude": 45.5051,
    "longitude": -122.7209,
    "certification_org": "Joint Commission",
    "certification_type": "Primary Stroke Center with Thrombectomy",
    "source": "https://www.providence.org/locations/or/providence-st-vincent-medical-center",
    "note": "Thrombectomy capability"
  },
  {
    "name": "Virginia Mason Medical Center",
    "city": "Seattle",
    "state": "WA",
    "zipcode": "98101",
    "latitude": 47.6097,
    "longitude": -122.3331,
    "certification_org": "Joint Commission",
    "certification_type": "Primary Stroke Center with Thrombectomy",
    "source": "https://www.virginiamason.org/",
    "note": "Thrombectomy services"
  },
  {
    "name": "Swedish Medical Center - First Hill",
    "city": "Seattle",
    "state": "WA",
    "zipcode": "98122",
    "latitude": 47.6062,
    "longitude": -122.3221,
    "certification_org": "Joint Commission",
    "certification_type": "Primary Stroke Center with Thrombectomy",
    "source": "https://www.swedish.org/locations/swedish-first-hill",
    "note": "Thrombectomy capability"
  },
  {
    "name": "Providence Regional Medical Center Everett",
    "city": "Everett",
    "state": "WA",
    "zipcode": "98201",
    "latitude": 47.979,
    "longitude": -122.2021,
    "certification_org": "Joint Commission",
    "certification_type": "Primary Stroke Center with Thrombectomy",
    "source": "https://www.providence.org/locations/wa/providence-regional-medical-center-everett",
    "note": "Thrombectomy services"
  },
  {
    "name": "MultiCare Tacoma General Hospital",
    "city": "Tacoma",
    "state": "WA",
    "zipcode": "98405",
    "latitude": 47.2529,
    "longitude": -122.4443,
    "certification_org": "Joint Commission",
    "certification_type": "Primary Stroke Center with Thrombectomy",
    "source": "https://www.multicare.org/tacoma-general-hospital/",
    "note": "Thrombectomy capability"
  },
  {
    "name": "Swedish Medical Center",
    "city": "Englewood",
    "state": "CO",
    "zipcode": "80113",
    "latitude": 39.6478,
    "longitude": -104.9769,
    "certification_org": "Joint Commission",
    "certification_type": "Primary Stroke Center with Thrombectomy",
    "source": "https://www.healthonecares.com/swedish/",
    "note": "Thrombectomy services"
  },
  {
    "name": "UCHealth Memorial Hospital Central",
    "city": "Colorado Springs",
    "state": "CO",
    "zipcode": "80909",
    "latitude": 38.8339,
    "longitude": -104.8214,
    "certification_org": "Joint Commission",
    "certification_type": "Primary Stroke Center with Thrombectomy",
    "source": "https://www.uchealth.org/locations/uchealth-memorial-hospital-central/",
    "note": "Thrombectomy capability"
  },
  {
    "name": "University of New Mexico Hospital",
    "city": "Albuquerque",
    "state": "NM",
    "zipcode": "87106",
    "latitude": 35.0844,
    "longitude": -106.6504,
    "certification_org": "Joint Commission",
    "certification_type": "Primary Stroke Center with Thrombectomy",
    "source": "https://www.unmhealth.org/locations/unm-hospital.html",
    "note": "Thrombectomy services"
  },
  {
    "name": "Presbyterian Hospital",
    "city": "Albuquerque",
    "state": "NM",
    "zipcode": "87106",
    "latitude": 35.0728,
    "longitude": -106.6207,
    "certification_org": "Joint Commission",
    "certification_type": "Primary Stroke Center with Thrombectomy",
    "source": "https://www.phs.org/locations/presbyterian-hospital",
    "note": "Thrombectomy capability"
  },
  {
    "name": "UnityPoint Health - Iowa Methodist Medical Center",
    "city": "Des Moines",
    "state": "IA",
    "zipcode": "50309",
    "latitude": 41.5868,
    "longitude": -93.625,
    "certification_org": "Joint Commission",
    "certification_type": "Primary Stroke Center with Thrombectomy",
    "source": "https://www.unitypoint.org/desmoines/iowa-methodist.aspx",
    "note": "Thrombectomy services"
  },
  {
    "name": "University of Iowa Hospitals and Clinics",
    "city": "Iowa City",
    "state": "IA",
    "zipcode": "52242",
    "latitude": 41.6584,
    "longitude": -91.5527,
    "certification_org": "Joint Commission",
    "certification_type": "Primary Stroke Center with Thrombectomy",
    "source": "https://uihc.org/",
    "note": "Thrombectomy capability"
  },
  {
    "name": "Hartford Hospital",
    "city": "Hartford",
    "state": "CT",
    "zipcode": "06102",
    "latitude": 41.7658,
    "longitude": -72.6734,
    "certification_org": "Joint Commission",
    "certification_type": "Primary Stroke Center with Thrombectomy",
    "source": "https://hartfordhospital.org/",
    "note": "Thrombectomy services"
  },
  {
    "name": "St. Francis Hospital & Medical Center",
    "city": "Hartford",
    "state": "CT",
    "zipcode": "06105",
    "latitude": 41.7546,
    "longitude": -72.7094,
    "certification_org": "Joint Commission",
    "certification_type": "Primary Stroke Center with Thrombectomy",
    "source": "https://www.trinityhealthofne.org/locations/saint-francis-hospital",
    "note": "Thrombectomy capability"
  },
  {
    "name": "Rhode Island Hospital",
    "city": "Providence",
    "state": "RI",
    "zipcode": "02903",
    "latitude": 41.824,
    "longitude": -71.4128,
    "certification_org": "Joint Commission",
    "certification_type": "Primary Stroke Center with Thrombectomy",
    "source": "https://www.lifespan.org/centers-services/rhode-island-hospital",
    "note": "Thrombectomy services"
  },
  {
    "name": "Lahey Hospital & Medical Center",
    "city": "Burlington",
    "state": "MA",
    "zipcode": "01805",
    "latitude": 42.5048,
    "longitude": -71.1956,
    "certification_org": "Joint Commission",
    "certification_type": "Primary Stroke Center with Thrombectomy",
    "source": "https://www.laheyhealth.org/locations/lahey-hospital-medical-center/",
    "note": "Thrombectomy capability"
  },
  {
    "name": "Tufts Medical Center",
    "city": "Boston",
    "state": "MA",
    "zipcode": "02111",
    "latitude": 42.3496,
    "longitude": -71.0636,
    "certification_org": "Joint Commission",
    "certification_type": "Primary Stroke Center with Thrombectomy",
    "source": "https://www.tuftsmedicalcenter.org/",
    "note": "Thrombectomy services"
  },
  {
    "name": "UMass Memorial Medical Center",
    "city": "Worcester",
    "state": "MA",
    "zipcode": "01655",
    "latitude": 42.2626,
    "longitude": -71.8023,
    "certification_org": "Joint Commission",
    "certification_type": "Primary Stroke Center with Thrombectomy",
    "source": "https://www.umassmemorial.org/umass-memorial-medical-center",
    "note": "Thrombectomy capability"
  }
]